{
    "agarraMango": {
        "Ctrl_LeftHandIndex1.rx": 3.618923625191781, 
        "Ctrl_LeftHandIndex1.ry": -0.6275844501155579, 
        "Ctrl_LeftHandIndex1.rz": 62.059270664238916, 
        "Ctrl_LeftHandIndex2.rx": 0.00021295637611637243, 
        "Ctrl_LeftHandIndex2.ry": -0.00010054427904733485, 
        "Ctrl_LeftHandIndex2.rz": 51.45683417573421, 
        "Ctrl_LeftHandIndex3.rx": 1.5041534192126969, 
        "Ctrl_LeftHandIndex3.ry": -0.17949220308562333, 
        "Ctrl_LeftHandIndex3.rz": 80.59494696601548, 
        "Ctrl_LeftHandIndex4.rx": 8.429282359488371e-05, 
        "Ctrl_LeftHandIndex4.ry": -2.134505624675999e-05, 
        "Ctrl_LeftHandIndex4.rz": -12.678061492457818, 
        "Ctrl_LeftHandMiddle1.rx": 4.030388041891826, 
        "Ctrl_LeftHandMiddle1.ry": 5.85448157872398, 
        "Ctrl_LeftHandMiddle1.rz": 76.09097334385764, 
        "Ctrl_LeftHandMiddle2.rx": 4.027599119647162e-05, 
        "Ctrl_LeftHandMiddle2.ry": -8.850974438358053e-05, 
        "Ctrl_LeftHandMiddle2.rz": 4.645483328752551, 
        "Ctrl_LeftHandMiddle3.rx": -0.27013100460103356, 
        "Ctrl_LeftHandMiddle3.ry": -0.6076493477074706, 
        "Ctrl_LeftHandMiddle3.rz": 99.52396520476039, 
        "Ctrl_LeftHandMiddle4.rx": -1.452585157269403e-05, 
        "Ctrl_LeftHandMiddle4.ry": -2.7474566628165356e-05, 
        "Ctrl_LeftHandMiddle4.rz": 4.663687674129978e-05, 
        "Ctrl_LeftHandPinky1.rx": 2.0686339315785, 
        "Ctrl_LeftHandPinky1.ry": 19.65804277457344, 
        "Ctrl_LeftHandPinky1.rz": 64.11923864236313, 
        "Ctrl_LeftHandPinky2.rx": 0.00013588631977831997, 
        "Ctrl_LeftHandPinky2.ry": -7.24796666549711e-05, 
        "Ctrl_LeftHandPinky2.rz": 38.986114302510465, 
        "Ctrl_LeftHandPinky3.rx": -2.728535775344537, 
        "Ctrl_LeftHandPinky3.ry": -3.4022579648757163, 
        "Ctrl_LeftHandPinky3.rz": 73.17867536395892, 
        "Ctrl_LeftHandPinky4.rx": -2.387751340426532e-06, 
        "Ctrl_LeftHandPinky4.ry": -1.558023513818099e-06, 
        "Ctrl_LeftHandPinky4.rz": -12.677946988618906, 
        "Ctrl_LeftHandRing1.rx": 9.656970579450743, 
        "Ctrl_LeftHandRing1.ry": 13.243900524943866, 
        "Ctrl_LeftHandRing1.rz": 76.31875870366795, 
        "Ctrl_LeftHandRing2.rx": 0.000171123294267695, 
        "Ctrl_LeftHandRing2.ry": 3.236144204882495e-05, 
        "Ctrl_LeftHandRing2.rz": 23.859205415697307, 
        "Ctrl_LeftHandRing3.rx": 1.0919063702016423, 
        "Ctrl_LeftHandRing3.ry": -0.5304036343342828, 
        "Ctrl_LeftHandRing3.rz": 76.8753777257429, 
        "Ctrl_LeftHandRing4.rx": 5.121363681992933e-06, 
        "Ctrl_LeftHandRing4.ry": -3.615584564240296e-05, 
        "Ctrl_LeftHandRing4.rz": -12.67795336342686, 
        "Ctrl_LeftHandThumb1.rx": 32.169020660028465, 
        "Ctrl_LeftHandThumb1.ry": 64.72519110077485, 
        "Ctrl_LeftHandThumb1.rz": 25.88778912947107, 
        "Ctrl_LeftHandThumb2.rx": 0.00016602555903553885, 
        "Ctrl_LeftHandThumb2.ry": 8.0108731021286e-05, 
        "Ctrl_LeftHandThumb2.rz": 13.357137801808614, 
        "Ctrl_LeftHandThumb3.rx": 53.10540570135735, 
        "Ctrl_LeftHandThumb3.ry": -1.6057793446698032, 
        "Ctrl_LeftHandThumb3.rz": 43.217183994306204, 
        "Ctrl_LeftHandThumb4.rx": -2.0994735425381003e-05, 
        "Ctrl_LeftHandThumb4.ry": -1.0727220555357868e-05, 
        "Ctrl_LeftHandThumb4.rz": 8.35813630419946e-06
    }, 
    "manocerrada": {
        "Ctrl_LeftHandIndex1.rx": 3.3933392353400187, 
        "Ctrl_LeftHandIndex1.ry": -1.4060577649743466, 
        "Ctrl_LeftHandIndex1.rz": 74.7154859402272, 
        "Ctrl_LeftHandIndex2.rx": 0.0001518809811728333, 
        "Ctrl_LeftHandIndex2.ry": -0.00010128731936370663, 
        "Ctrl_LeftHandIndex2.rz": 64.13482966274381, 
        "Ctrl_LeftHandIndex3.rx": 1.4280890710888714, 
        "Ctrl_LeftHandIndex3.ry": -0.5051008674374908, 
        "Ctrl_LeftHandIndex3.rz": 93.26886247307665, 
        "Ctrl_LeftHandIndex4.rx": 5.695917673737524e-05, 
        "Ctrl_LeftHandIndex4.ry": -4.439538093131612e-05, 
        "Ctrl_LeftHandIndex4.rz": -7.610959753305099e-05, 
        "Ctrl_LeftHandMiddle1.rx": 5.216661544738211, 
        "Ctrl_LeftHandMiddle1.ry": 4.828361527136847, 
        "Ctrl_LeftHandMiddle1.rz": 88.78293330546272, 
        "Ctrl_LeftHandMiddle2.rx": 6.470738920024745e-06, 
        "Ctrl_LeftHandMiddle2.ry": -4.3205367462274114e-05, 
        "Ctrl_LeftHandMiddle2.rz": 17.323524658808644, 
        "Ctrl_LeftHandMiddle3.rx": -0.39697017815732444, 
        "Ctrl_LeftHandMiddle3.ry": -0.5334732068316375, 
        "Ctrl_LeftHandMiddle3.rz": 112.2022609930153, 
        "Ctrl_LeftHandMiddle4.rx": -1.5202597598769616e-05, 
        "Ctrl_LeftHandMiddle4.ry": -7.6053564369937365e-06, 
        "Ctrl_LeftHandMiddle4.rz": 4.286550491931797e-05, 
        "Ctrl_LeftHandPinky1.rx": 7.941301417581736, 
        "Ctrl_LeftHandPinky1.ry": 6.738861967642517, 
        "Ctrl_LeftHandPinky1.rz": 96.8718158342633, 
        "Ctrl_LeftHandPinky2.rx": 8.901921510051452e-05, 
        "Ctrl_LeftHandPinky2.ry": -7.168511887829186e-05, 
        "Ctrl_LeftHandPinky2.rz": 51.66420440460158, 
        "Ctrl_LeftHandPinky3.rx": -3.40851837152767, 
        "Ctrl_LeftHandPinky3.ry": -2.7208012917399613, 
        "Ctrl_LeftHandPinky3.rz": 85.8564902254879, 
        "Ctrl_LeftHandPinky4.rx": 1.0673923426526233e-07, 
        "Ctrl_LeftHandPinky4.ry": 1.1806012877649214e-06, 
        "Ctrl_LeftHandPinky4.rz": 3.33262981479252e-05, 
        "Ctrl_LeftHandRing1.rx": 10.815253626338055, 
        "Ctrl_LeftHandRing1.ry": 4.989423506273176, 
        "Ctrl_LeftHandRing1.rz": 87.84029749134436, 
        "Ctrl_LeftHandRing2.rx": 0.0001699886194261973, 
        "Ctrl_LeftHandRing2.ry": 1.3314000319751158e-05, 
        "Ctrl_LeftHandRing2.rz": 36.53723681666, 
        "Ctrl_LeftHandRing3.rx": 0.9488303073575036, 
        "Ctrl_LeftHandRing3.ry": -0.7570419393885868, 
        "Ctrl_LeftHandRing3.rz": 89.55211819871165, 
        "Ctrl_LeftHandRing4.rx": -1.1737770685361879e-05, 
        "Ctrl_LeftHandRing4.ry": -2.659480652400381e-05, 
        "Ctrl_LeftHandRing4.rz": 1.9163369111912966e-05, 
        "Ctrl_LeftHandThumb1.rx": 35.53928324470533, 
        "Ctrl_LeftHandThumb1.ry": 63.63100387251643, 
        "Ctrl_LeftHandThumb1.rz": 29.631447975597133, 
        "Ctrl_LeftHandThumb2.rx": 8.139711612182164e-05, 
        "Ctrl_LeftHandThumb2.ry": 5.9623444288885685e-05, 
        "Ctrl_LeftHandThumb2.rz": 11.131186560843371, 
        "Ctrl_LeftHandThumb3.rx": 50.45185160168465, 
        "Ctrl_LeftHandThumb3.ry": -5.678065041384622, 
        "Ctrl_LeftHandThumb3.rz": 61.32904138590741, 
        "Ctrl_LeftHandThumb4.rx": 1.1292990484741405e-05, 
        "Ctrl_LeftHandThumb4.ry": -6.461541745889494e-06, 
        "Ctrl_LeftHandThumb4.rz": -4.087611549376585e-05
    }, 
    "relax_1": {
        "Ctrl_LeftHandIndex1.rx": -11.781981256439627, 
        "Ctrl_LeftHandIndex1.ry": -3.3839495947821505, 
        "Ctrl_LeftHandIndex1.rz": 51.079516702543955, 
        "Ctrl_LeftHandIndex2.rx": 0.0003953694573327221, 
        "Ctrl_LeftHandIndex2.ry": 0.00013169081805930273, 
        "Ctrl_LeftHandIndex2.rz": 24.617260673824756, 
        "Ctrl_LeftHandIndex3.rx": 1.4233796602739057, 
        "Ctrl_LeftHandIndex3.ry": 0.5187441546829076, 
        "Ctrl_LeftHandIndex3.rz": 53.764111688937234, 
        "Ctrl_LeftHandIndex4.rx": 0.00018534263534810428, 
        "Ctrl_LeftHandIndex4.ry": 0.00010429395223654252, 
        "Ctrl_LeftHandIndex4.rz": -39.51786510799537, 
        "Ctrl_LeftHandMiddle1.rx": 1.8461085902812575, 
        "Ctrl_LeftHandMiddle1.ry": 6.512964468382367, 
        "Ctrl_LeftHandMiddle1.rz": 61.70737883741612, 
        "Ctrl_LeftHandMiddle2.rx": 0.0001872302357119435, 
        "Ctrl_LeftHandMiddle2.ry": 4.79836456221802e-05, 
        "Ctrl_LeftHandMiddle2.rz": 2.3503855295458376, 
        "Ctrl_LeftHandMiddle3.rx": 0.4263423112950466, 
        "Ctrl_LeftHandMiddle3.ry": -0.510457003039833, 
        "Ctrl_LeftHandMiddle3.rz": 35.70879033240497,