{
    "agarraMango": {
        "Ctrl_LeftHandIndex1.rx": 3.618923625191781, 
        "Ctrl_LeftHandIndex1.ry": -0.6275844501155579, 
        "Ctrl_LeftHandIndex1.rz": 62.059270664238916, 
        "Ctrl_LeftHandIndex2.rx": 0.00021295637611637243, 
        "Ctrl_LeftHandIndex2.ry": -0.00010054427904733485, 
        "Ctrl_LeftHandIndex2.rz": 51.45683417573421, 
        "Ctrl_LeftHandIndex3.rx": 1.5041534192126969, 
        "Ctrl_LeftHandIndex3.ry": -0.17949220308562333, 
        "Ctrl_LeftHandIndex3.rz": 80.59494696601548, 
        "Ctrl_LeftHandIndex4.rx": 8.429282359488371e-05, 
        "Ctrl_LeftHandIndex4.ry": -2.134505624675999e-05, 
        "Ctrl_LeftHandIndex4.rz": -12.678061492457818, 
        "Ctrl_LeftHandMiddle1.rx": 4.030388041891826, 
        "Ctrl_LeftHandMiddle1.ry": 5.85448157872398, 
        "Ctrl_LeftHandMiddle1.rz": 76.09097334385764, 
        "Ctrl_LeftHandMiddle2.rx": 4.027599119647162e-05, 
        "Ctrl_LeftHandMiddle2.ry": -8.850974438358053e-05, 
        "Ctrl_LeftHandMiddle2.rz": 4.645483328752551, 
        "Ctrl_LeftHandMiddle3.rx": -0.27013100460103356, 
        "Ctrl_LeftHandMiddle3.ry": -0.6076493477074706, 
        "Ctrl_LeftHandMiddle3.rz": 99.52396520476039, 
        "Ctrl_LeftHandMiddle4.rx": -1.452585157269403e-05, 
        "Ctrl_LeftHandMiddle4.ry": -2.7474566628165356e-05, 
        "Ctrl_LeftHandMiddle4.rz": 4.663687674129978e-05, 
        "Ctrl_LeftHandPinky1.rx": 2.0686339315785, 
        "Ctrl_LeftHandPinky1.ry": 19.65804277457344, 
        "Ctrl_LeftHandPinky1.rz": 64.11923864236313, 
        "Ctrl_LeftHandPinky2.rx": 0.00013588631977831997, 
        "Ctrl_LeftHandPinky2.ry": -7.24796666549711e-05, 
        "Ctrl_LeftHandPinky2.rz": 38.986114302510465, 
        "Ctrl_LeftHandPinky3.rx": -2.728535775344537, 
        "Ctrl_LeftHandPinky3.ry": -3.4022579648757163, 
        "Ctrl_LeftHandPinky3.rz": 73.17867536395892, 
        "Ctrl_LeftHandPinky4.rx": -2.387751340426532e-06, 
        "Ctrl_LeftHandPinky4.ry": -1.558023513818099e-06, 
        "Ctrl_LeftHandPinky4.rz": -12.677946988618906, 
        "Ctrl_LeftHandRing1.rx": 9.656970579450743, 
        "Ctrl_LeftHandRing1.ry": 13.243900524943866, 
        "Ctrl_LeftHandRing1.rz": 76.31875870366795, 
        "Ctrl_LeftHandRing2.rx": 0.000171123294267695, 
        "Ctrl_LeftHandRing2.ry": 3.236144204882495e-05, 
        "Ctrl_LeftHandRing2.rz": 23.859205415697307, 
        "Ctrl_LeftHandRing3.rx": 1.0919063702016423, 
        "Ctrl_LeftHandRing3.ry": -0.5304036343342828, 
        "Ctrl_LeftHandRing3.rz": 76.8753777257429, 
        "Ctrl_LeftHandRing4.rx": 5.121363681992933e-06, 
        "Ctrl_LeftHandRing4.ry": -3.615584564240296e-05, 
        "Ctrl_LeftHandRing4.rz": -12.67795336342686, 
        "Ctrl_LeftHandThumb1.rx": 32.169020660028465, 
        "Ctrl_LeftHandThumb1.ry": 64.72519110077485, 
        "Ctrl_LeftHandThumb1.rz": 25.88778912947107, 
        "Ctrl_LeftHandThumb2.rx": 0.00016602555903553885, 
        "Ctrl_LeftHandThumb2.ry": 8.0108731021286e-05, 
        "Ctrl_LeftHandThumb2.rz": 13.357137801808614, 
        "Ctrl_LeftHandThumb3.rx": 53.10540570135735, 
        "Ctrl_LeftHandThumb3.ry": -1.6057793446698032, 
        "Ctrl_LeftHandThumb3.rz": 43.217183994306204, 
        "Ctrl_LeftHandThumb4.rx": -2.0994735425381003e-05, 
        "Ctrl_LeftHandThumb4.ry": -1.0727220555357868e-05, 
        "Ctrl_LeftHandThumb4.rz": 8.35813630419946e-06
    }, 
    "manocerrada": {
        "Ctrl_RightHandIndex1.rx": 3.393368259647565, 
        "Ctrl_RightHandIndex1.ry": -1.4061257295433922, 
        "Ctrl_RightHandIndex1.rz": 74.71542722911627, 
        "Ctrl_RightHandIndex2.rx": 0.000249063962725384, 
        "Ctrl_RightHandIndex2.ry": -0.0001812573164821185, 
        "Ctrl_RightHandIndex2.rz": 64.13487837793988, 
        "Ctrl_RightHandIndex3.rx": 1.4281542503110893, 
        "Ctrl_RightHandIndex3.ry": -0.5052039392407194, 
        "Ctrl_RightHandIndex3.rz": 93.26904321065626, 
        "Ctrl_RightHandIndex4.rx": 6.807288539239165e-05, 
        "Ctrl_RightHandIndex4.ry": -5.2028182709785246e-05, 
        "Ctrl_RightHandIndex4.rz": -0.00016202156361346654, 
        "Ctrl_RightHandMiddle1.rx": 5.216708924519119, 
        "Ctrl_RightHandMiddle1.ry": 4.828256252591824, 
        "Ctrl_RightHandMiddle1.rz": 88.78279565518599, 
        "Ctrl_RightHandMiddle2.rx": -6.554769415915041e-05, 
        "Ctrl_RightHandMiddle2.ry": -7.716987709147595e-05, 
        "Ctrl_RightHandMiddle2.rz": 17.323492302807093, 
        "Ctrl_RightHandMiddle3.rx": -0.3968465020740322, 
        "Ctrl_RightHandMiddle3.ry": -0.5335777356046145, 
        "Ctrl_RightHandMiddle3.rz": 112.20253298982463, 
        "Ctrl_RightHandMiddle4.rx": 4.856442432075842e-06, 
        "Ctrl_RightHandMiddle4.ry": 3.347968544109107e-05, 
        "Ctrl_RightHandMiddle4.rz": 8.070438918317781e-05, 
        "Ctrl_RightHandPinky1.rx": 7.941346326026692, 
        "Ctrl_RightHandPinky1.ry": 6.738763766785093, 
        "Ctrl_RightHandPinky1.rz": 96.87174538539988, 
        "Ctrl_RightHandPinky2.rx": 5.390732587976056e-05, 
        "Ctrl_RightHandPinky2.ry": -0.0001461379264582853, 
        "Ctrl_RightHandPinky2.rz": 51.664141446148925, 
        "Ctrl_RightHandPinky3.rx": -3.4084185573041514, 
        "Ctrl_RightHandPinky3.ry": -2.720830622667198, 
        "Ctrl_RightHandPinky3.rz": 85.85680545263183, 
        "Ctrl_RightHandPinky4.rx": 5.339552492036439e-05, 
        "Ctrl_RightHandPinky4.ry": -3.8938733677722564e-05, 
        "Ctrl_RightHandPinky4.rz": -2.9265531516218342e-05, 
        "Ctrl_RightHandRing1.rx": 10.815307785609251, 
        "Ctrl_RightHandRing1.ry": 4.989306119009084, 
        "Ctrl_RightHandRing1.rz": 87.84025092598543, 
        "Ctrl_RightHandRing2.rx": 0.00019721049562102425, 
        "Ctrl_RightHandRing2.ry": 6.946312844966058e-06, 
        "Ctrl_RightHandRing2.rz": 36.53727006437402, 
        "Ctrl_RightHandRing3.rx": 0.9489013340234502, 
        "Ctrl_RightHandRing3.ry": -0.7571426319209205, 
        "Ctrl_RightHandRing3.rz": 89.55235783189896, 
        "Ctrl_RightHandRing4.rx": 4.705517411843731e-06, 
        "Ctrl_RightHandRing4.ry": -7.026311560723636e-05, 
        "Ctrl_RightHandRing4.rz": 1.3969850029626615e-05, 
        "Ctrl_RightHandThumb1.rx": -36.58040247387346, 
        "Ctrl_RightHandThumb1.ry": 50.931553660609865, 
        "Ctrl_RightHandThumb1.rz": -4.306703166067316, 
        "Ctrl_RightHandThumb2.rx": -4.523568569900429, 
        "Ctrl_RightHandThumb2.ry": 26.14331234386665, 
        "Ctrl_RightHandThumb2.rz": -21.313245445595427, 
        "Ctrl_RightHandThumb3.rx": 27.416737429687316, 
        "Ctrl_RightHandThumb3.ry": 58.62853256261104, 
        "Ctrl_RightHandThumb3.rz": -19.669204412653336, 
        "Ctrl_RightHandThumb4.rx": -2.210802904667029e-06, 
        "Ctrl_RightHandThumb4.ry": 4.439570764944315e-05, 
        "Ctrl_RightHandThumb4.rz": -2.0008452820752837e-05
    }, 
    "relax_1": {
        "Ctrl_LeftHandIndex1.rx": -11.781981256439627, 
        "Ctrl_LeftHandIndex1.ry": -3.3839495947821505, 
        "Ctrl_LeftHandIndex1.rz": 51.079516702543955, 
        "Ctrl_LeftHandIndex2.rx": 0.0003953694573327221, 
        "Ctrl_LeftHandIndex2.ry": 0.00013169081805930273, 
        "Ctrl_LeftHandIndex2.rz": 24.617260673824756, 
        "Ctrl_LeftHandIndex3.rx": 1.4233796602739057, 
        "Ctrl_LeftHandIndex3.ry": 0.5187441546829076, 
        "Ctrl_LeftHandIndex3.rz": 53.764111688937234, 
        "Ctrl_LeftHandIndex4.rx": 0.00018534263534810428, 
        "Ctrl_LeftHandIndex4.ry": 0.00010429395223654252, 
        "Ctrl_LeftHandIndex4.rz": -39.51786510799537, 
        "Ctrl_LeftHandMiddle1.rx": 1.8461085902812575, 
        "Ctrl_LeftHandMiddle1.ry": 6.512964468382367, 
        "Ctrl_LeftHandMiddle1.rz": 61.70737883741612, 
        "Ctrl_LeftHandMiddle2.rx": 0.0001872302357119435, 
        "Ctrl_LeftHandMiddle2.ry": 4.79836456221802e-05, 
        "Ctrl_LeftHandMiddle2.rz": 2.3503855295458376, 
        "Ctrl_LeftHandMiddle3.rx": 0.4263423112950466,